{"cameraMode":{"drawMode":0,"name":"Shaded","section":"Shading Mode"},"sceneLighting":true,"audioPlay":false,"sceneViewState":{"showFog":true,"showMaterialUpdate":false,"showSkybox":true,"showFlares":true,"showImageEffects":true,"showParticleSystems":true},"in2DMode":false,"pivot":{"x":1.0159242153167725,"y":-1.130544662475586,"z":1.7315492630004883},"rotation":{"x":-0.11284712702035904,"y":0.20152705907821656,"z":-0.023380467668175699,"w":-0.9726816415786743},"size":8.979121208190918,"orthographic":false}